DiSC,significance,support F_1,support F_0
cc(C)c.CNC,0.30144096562039296,0.7500,0.1667
ccccC.CNC,0.30144096562039296,0.7500,0.1667
cccC.CNC,0.30144096562039296,0.7500,0.1667
ccC.CNC,0.30144096562039296,0.7500,0.1667
